,TOT_REG_CD,ADM_NM,ADM_CD,211009_9시_총생활인구수,211009_13시_총생활인구수,211009_15시_총생활인구수,211012_9시_총생활인구수,211012_13시_총생활인구수,211012_15시_총생활인구수
0,1117051010005 ,신도림동,1117051,146.7031,152.9737,152.9737,176.9256,153.3096,141.6267
1,1117051010004 ,신도림동,1117051,206.2219,197.7471,197.7471,226.6736,169.6126,167.2922
2,1117051010007 ,신도림동,1117051,575.8035,752.4278,752.4278,583.0505,603.7049,598.3968
3,1117051010006 ,신도림동,1117051,747.2956,722.2382,722.2382,916.9916,1036.606,913.3189
4,1117051010008 ,신도림동,1117051,1510.4032,1733.2589,1733.2589,1568.965,1589.1303,1533.0047
5,1117051010001 ,신도림동,1117051,1286.2541,2107.2382,2107.2382,2139.4323,2419.4552,2396.4571
6,1117051010003 ,신도림동,1117051,1145.7008,1863.5951,1863.5951,1774.1449,2096.9951,2049.1389
7,1117051010002 ,신도림동,1117051,469.5695,567.3139,567.3139,568.7476,550.7456,541.0994
8,1117051010103 ,신도림동,1117051,264.7327,77.6977,77.6977,260.5248,211.8733,202.5889
9,1117051010102 ,신도림동,1117051,127.6993,89.5456,89.5456,137.4736,111.2949,106.257
10,1117051010105 ,신도림동,1117051,175.9896,96.9547,96.9547,183.3601,148.6382,142.0255
11,1117051010104 ,신도림동,1117051,112.4331,12.2977,12.2977,105.6548,85.9383,82.3207
12,1117051010106 ,신도림동,1117051,312.2659,158.1739,158.1739,322.3867,262.6538,251.5308
13,1117051010101 ,신도림동,1117051,496.2449,314.6359,314.6359,466.8236,371.7327,358.8342
14,1117051010201 ,신도림동,1117051,68.5537,35.8356,35.8356,62.9514,61.8795,53.7662
15,1117051010202 ,신도림동,1117051,251.2702,276.1526,276.1526,279.263,263.4043,227.9955
16,1117051010301 ,신도림동,1117051,525.4376,176.602,176.602,365.8057,256.0625,279.5826
17,1117051010401 ,신도림동,1117051,21.7638,4.3902,4.3902,21.6569,18.7333,14.6178
18,1117051010402 ,신도림동,1117051,0.4462,0.4607,0.4607,0.3489,0.3613,0.5801
19,1117051010501 ,신도림동,1117051,73.7505,21.4361,21.4361,75.0599,62.1967,47.9754
20,1117051010601 ,신도림동,1117051,223.3579,209.8575,209.8575,265.4526,233.8265,199.27
21,1117051010602 ,신도림동,1117051,89.9671,26.8593,26.8593,98.4104,82.7438,67.0567
22,1117051010701 ,신도림동,1117051,390.8095,124.8176,124.8176,328.0758,219.3092,211.338
23,1117051010703 ,신도림동,1117051,622.7985,197.2091,197.2091,454.1142,310.8884,298.7024
24,1117051010702 ,신도림동,1117051,572.9432,177.7356,177.7356,385.2856,265.9772,254.6685
25,1117051010704 ,신도림동,1117051,305.7796,104.3216,104.3216,217.6101,179.644,179.756
26,1117051020003 ,신도림동,1117051,1614.2981,3437.4626,3437.4626,2470.3995,2996.9947,3125.8808
27,1117051020104 ,신도림동,1117051,278.6529,91.3119,91.3119,131.372,94.2299,88.7681
28,1117051020105 ,신도림동,1117051,236.1664,219.8016,219.8016,246.0983,215.728,185.9754
29,1117051020102 ,신도림동,1117051,222.2704,92.0493,92.0493,189.2287,162.2643,140.3884
30,1117051020101 ,신도림동,1117051,994.3888,477.9289,477.9289,477.6535,325.8344,317.9734
31,1117051020404 ,신도림동,1117051,143.4141,4.424,4.424,125.4068,111.3735,107.0639
32,1117051020402 ,신도림동,1117051,0.6136,0.738,0.738,0.5609,0.5021,1.0229
33,1117051020403 ,신도림동,1117051,212.5137,53.701,53.701,204.7531,182.0852,174.8454
34,1117051020401 ,신도림동,1117051,941.5461,309.2382,309.2382,586.1952,402.5912,392.5894
35,1117051020502 ,신도림동,1117051,889.957,495.7306,495.7306,594.7771,516.3394,525.8438
36,1117051020503 ,신도림동,1117051,449.2705,325.9625,325.9625,493.2094,491.3574,473.5953
37,1117051020501 ,신도림동,1117051,839.5629,931.2857,931.2857,603.9266,506.4589,511.9255
38,1117051020601 ,신도림동,1117051,244.5482,156.353,156.353,261.4767,215.6317,206.8556
39,1117051030003 ,신도림동,1117051,2153.6263,5948.9623,5948.9623,3302.5411,4065.3054,3883.0338
40,1117051030002 ,신도림동,1117051,1148.3919,1659.2506,1659.2506,1156.3956,1070.6805,1224.8719
41,1117051030201 ,신도림동,1117051,332.4447,251.9501,251.9501,201.6582,169.0486,195.8085
42,1117051030302 ,신도림동,1117051,606.6589,440.7109,440.7109,426.6719,384.8404,357.1313
43,1117051030301 ,신도림동,1117051,555.9136,628.3059,628.3059,426.2831,366.0418,339.2391
44,1117051030401 ,신도림동,1117051,113.114,134.6157,134.6157,127.2756,151.4588,210.2026
45,1117051040004 ,신도림동,1117051,63.6745,152.0768,152.0768,143.4505,185.2484,183.9853
46,1117051040001 ,신도림동,1117051,192.9515,257.2852,257.2852,181.0861,170.4967,186.0983
47,1117051040002 ,신도림동,1117051,3.1194,8.3253,8.3253,11.0782,15.3213,21.9659
48,1117051040101 ,신도림동,1117051,628.3274,381.6052,381.6052,366.5867,280.7827,377.3064
49,1117051040210 ,신도림동,1117051,151.8437,32.1925,32.1925,82.2668,44.3739,42.8581
50,1117051040211 ,신도림동,1117051,395.5474,446.5906,446.5906,479.778,455.4437,468.9501
51,1117051040212 ,신도림동,1117051,680.9601,763.6851,763.6851,764.3228,702.6285,711.7669
52,1117051040213 ,신도림동,1117051,338.6477,140.1009,140.1009,185.9983,151.3583,203.3804
53,1117051040204 ,신도림동,1117051,113.6292,18.2442,18.2442,59.5407,32.2033,31.1289
54,1117051040205 ,신도림동,1117051,514.5242,81.2233,81.2233,248.8321,166.1907,209.9805
55,1117051040206 ,신도림동,1117051,297.1102,89.8991,89.8991,123.061,81.435,86.6352
56,1117051040207 ,신도림동,1117051,155.3369,32.1871,32.1871,83.9001,45.2614,43.7167
57,1117051040201 ,신도림동,1117051,335.6524,101.8472,101.8472,176.2462,143.9648,193.7852
58,1117051040202 ,신도림동,1117051,197.6451,52.5279,52.5279,112.9884,61.2505,59.1643
59,1117051040203 ,신도림동,1117051,160.5716,23.514,23.514,98.761,58.301,56.9927
60,1117051040208 ,신도림동,1117051,1061.4203,460.8756,460.8756,562.1406,432.211,566.6589
61,1117051040209 ,신도림동,1117051,140.787,31.8719,31.8719,76.9747,41.4831,40.0548
62,1117051040401 ,신도림동,1117051,33.8985,11.4752,11.4752,22.0233,11.557,12.709
63,1117051040402 ,신도림동,1117051,86.4477,25.0169,25.0169,51.5614,27.531,28.2485
64,1117051040502 ,신도림동,1117051,75.3303,52.9642,52.9642,87.3854,77.5267,76.2688
65,1117051040503 ,신도림동,1117051,564.2379,222.1486,222.1486,336.9192,218.3191,214.3085
66,1117051040501 ,신도림동,1117051,251.4843,139.2605,139.2605,172.4593,115.7433,117.3544
67,1117051040601 ,신도림동,1117051,146.5715,230.096,230.096,182.5656,223.068,245.1865
68,1117052010001 ,구로1동,1117052,864.0718,1214.1797,1214.1797,1507.5747,1741.7807,1680.0045
69,1117052010003 ,구로1동,1117052,147.7012,218.4442,218.4442,195.443,156.0707,179.1411
70,1117052010002 ,구로1동,1117052,4295.3034,4534.0201,4534.0201,4563.7013,4406.2906,4215.0561
71,1117052010108 ,구로1동,1117052,238.128,105.2819,105.2819,154.8448,125.7986,126.5383
72,1117052010101 ,구로1동,1117052,128.9724,153.9655,153.9655,147.8838,149.5925,246.0881
73,1117052010103 ,구로1동,1117052,137.9577,20.1336,20.1336,90.0067,64.9365,57.0194
74,1117052010102 ,구로1동,1117052,20.2277,14.9037,14.9037,20.6595,15.3514,14.5875
75,1117052010105 ,구로1동,1117052,116.0215,81.948,81.948,91.4032,65.8059,61.2907
76,1117052010104 ,구로1동,1117052,33.1262,10.2071,10.2071,25.6258,18.6443,16.5085
77,1117052010107 ,구로1동,1117052,299.2274,221.4503,221.4503,240.7849,208.3695,258.818
78,1117052010106 ,구로1동,1117052,274.5487,177.2724,177.2724,181.4569,162.3208,170.4837
79,1117052010201 ,구로1동,1117052,53.2015,19.4602,19.4602,61.4,30.1905,22.421
80,1117052010202 ,구로1동,1117052,99.5195,98.8684,98.8684,77.0545,72.5389,73.1622
81,1117052010301 ,구로1동,1117052,526.3718,190.8008,190.8008,363.8319,274.1199,255.4961
82,1117052010302 ,구로1동,1117052,436.3825,191.7811,191.7811,280.8643,237.1216,235.8523
83,1117052010401 ,구로1동,1117052,419.472,201.4738,201.4738,242.311,185.9128,157.591
84,1117052010501 ,구로1동,1117052,306.277,57.9922,57.9922,156.8823,114.0911,96.7344
85,1117052010601 ,구로1동,1117052,2.989,0.2191,0.2191,1.3909,0.9155,0.9228
86,1117052010701 ,구로1동,1117052,406.6667,213.1113,213.1113,248.7312,208.8803,177.0622
87,1117052010702 ,구로1동,1117052,418.313,192.1214,192.1214,250.249,211.6655,179.5361
88,1117052020001 ,구로1동,1117052,1061.7273,2154.9743,2154.9743,1633.267,1710.2535,1606.8425
89,1117052020006 ,구로1동,1117052,200.6762,410.906,410.906,313.0383,397.5236,359.6787
90,1117052020004 ,구로1동,1117052,25.8293,42.0913,42.0913,72.9564,65.158,56.4425
91,1117052020005 ,구로1동,1117052,,,,,,
92,1117052020003 ,구로1동,1117052,14.5463,50.9583,50.9583,24.241,40.8035,42.9454
93,1117052020102 ,구로1동,1117052,305.3374,170.6561,170.6561,233.1708,190.1279,177.2358
94,1117052020101 ,구로1동,1117052,111.3941,72.236,72.236,87.7129,71.1736,66.4016
95,1117052020204 ,구로1동,1117052,168.899,28.3797,28.3797,78.3076,48.4551,47.1316
96,1117052020205 ,구로1동,1117052,181.6378,39.0687,39.0687,86.6833,53.4159,51.9339
97,1117052020202 ,구로1동,1117052,637.9476,248.2908,248.2908,347.7809,223.728,241.445
98,1117052020203 ,구로1동,1117052,356.8942,78.6123,78.6123,170.8297,105.1052,102.1385
99,1117052020201 ,구로1동,1117052,449.3564,127.5132,127.5132,223.3149,136.6134,132.6564
100,1117052020304 ,구로1동,1117052,583.6238,318.6214,318.6214,421.1765,322.6812,287.8015
101,1117052020305 ,구로1동,1117052,0.4912,0.4393,0.4393,,,
102,1117052020303 ,구로1동,1117052,275.3705,271.4155,271.4155,208.8598,149.0751,132.9016
103,1117052020301 ,구로1동,1117052,411.0876,217.9962,217.9962,260.1105,231.844,243.5766
104,1117052020306 ,구로1동,1117052,1.945,3.0325,3.0325,1.4158,1.5578,1.6126
105,1117052020403 ,구로1동,1117052,334.9295,183.1224,183.1224,239.1601,214.7372,202.4291
106,1117052020401 ,구로1동,1117052,879.3896,628.9937,628.9937,702.1149,645.1418,702.4051
107,1117052020404 ,구로1동,1117052,375.4277,169.0669,169.0669,235.5114,233.0258,245.5445
108,1117052020402 ,구로1동,1117052,455.225,303.533,303.533,350.9784,300.9952,268.8324
109,1117052020501 ,구로1동,1117052,243.0387,135.8499,135.8499,149.7423,123.3146,105.2351
110,1117052020504 ,구로1동,1117052,0.2985,0.2021,0.2021,,,
111,1117052020502 ,구로1동,1117052,0.7756,0.557,0.557,,,
112,1117052020503 ,구로1동,1117052,325.1383,169.2462,169.2462,194.5501,161.2584,136.951
113,1117052020702 ,구로1동,1117052,201.9246,86.9743,86.9743,214.5663,145.6457,128.6139
114,1117052020703 ,구로1동,1117052,,,,4.4812,,
115,1117052020701 ,구로1동,1117052,48.6208,11.0101,11.0101,54.8259,29.9346,24.6496
116,1117052020801 ,구로1동,1117052,70.4438,27.3619,27.3619,85.2436,48.9746,40.4752
117,1117054010003 ,구로3동,1117054,6.159,12.007,12.007,40.0449,52.0089,50.5681
118,1117054010002 ,구로3동,1117054,3724.4386,5359.8314,5359.8314,15155.7937,17291.5357,16364.2056
119,1117054010001 ,구로3동,1117054,719.4159,828.9693,828.9693,773.7767,823.3939,800.2386
120,1117054010102 ,구로3동,1117054,541.3468,338.8359,338.8359,461.967,393.7415,337.0986
121,1117054010104 ,구로3동,1117054,193.3556,142.2932,142.2932,144.0934,114.2003,119.3231
122,1117054010101 ,구로3동,1117054,218.2812,145.3478,145.3478,146.7787,122.4543,123.4437
123,1117054010103 ,구로3동,1117054,210.5189,111.2827,111.2827,130.7165,104.0014,108.2476
124,1117054010201 ,구로3동,1117054,266.6718,347.4332,347.4332,236.1724,256.56,324.8598
125,1117054010202 ,구로3동,1117054,208.7539,176.7922,176.7922,153.0858,134.5126,129.8703
126,1117054010401 ,구로3동,1117054,206.5945,142.1278,142.1278,192.7327,157.9879,151.3073
127,1117054010505 ,구로3동,1117054,217.696,73.2787,73.2787,144.0658,104.6349,115.4496
128,1117054010504 ,구로3동,1117054,176.7332,59.0487,59.0487,140.6987,104.2251,99.8468
129,1117054010507 ,구로3동,1117054,204.687,77.7947,77.7947,170.1462,125.7235,120.2092
130,1117054010506 ,구로3동,1117054,241.7703,104.8107,104.8107,205.0767,151.2158,144.5403
131,1117054010501 ,구로3동,1117054,181.3632,48.2227,48.2227,174.5937,128.5828,125.2341
132,1117054010503 ,구로3동,1117054,467.0345,148.1065,148.1065,321.4494,218.5093,208.0351
133,1117054010502 ,구로3동,1117054,184.303,70.754,70.754,109.6463,89.1573,93.9464
134,1117054010601 ,구로3동,1117054,188.7638,105.5992,105.5992,172.5053,133.7496,127.6879
135,1117054010701 ,구로3동,1117054,263.1827,68.8841,68.8841,131.268,74.0747,79.9763
136,1117054010703 ,구로3동,1117054,261.2645,54.1976,54.1976,149.1552,95.349,97.0193
137,1117054010702 ,구로3동,1117054,234.1936,61.104,61.104,185.874,153.3389,147.3794
138,1117054020006 ,구로3동,1117054,1887.1083,2989.173,2989.173,10991.4593,12702.6063,12305.4663
139,1117054020005 ,구로3동,1117054,495.075,808.0789,808.0789,526.5823,566.9294,538.5332
140,1117054020002 ,구로3동,1117054,115.7396,38.9501,38.9501,185.6095,131.0834,132.3906
141,1117054020003 ,구로3동,1117054,402.0737,443.1142,443.1142,358.7544,346.4442,356.2001
142,1117054020001 ,구로3동,1117054,1108.5168,850.025,850.025,836.4831,728.9349,756.7955
143,1117054020104 ,구로3동,1117054,104.2529,33.2119,33.2119,56.7662,39.9861,37.768
144,1117054020105 ,구로3동,1117054,42.6919,21.6336,21.6336,26.7062,19.6223,20.3065
145,1117054020103 ,구로3동,1117054,275.1883,85.6218,85.6218,146.6791,102.4385,113.2841
146,1117054020101 ,구로3동,1117054,221.4164,111.8727,111.8727,142.5376,107.5842,111.247
147,1117054020902 ,구로3동,1117054,159.7064,68.2282,68.2282,151.8494,102.0377,101.617
148,1117054020903 ,구로3동,1117054,187.616,42.3224,42.3224,187.2309,125.204,122.022
149,1117054020901 ,구로3동,1117054,229.1262,92.1773,92.1773,139.5989,95.2853,97.9596
150,1117054030003 ,구로3동,1117054,290.9408,160.3444,160.3444,255.122,179.0134,166.6827
151,1117054030002 ,구로3동,1117054,2515.6826,3660.1806,3660.1806,5567.8359,5562.837,5745.7244
152,1117054030001 ,구로3동,1117054,1004.4602,1356.0786,1356.0786,3668.6159,4050.9513,4022.2874
153,1117054040001 ,구로3동,1117054,320.6984,331.8263,331.8263,443.9804,563.748,581.0727
154,1117054040002 ,구로3동,1117054,383.7495,432.207,432.207,301.1674,240.0581,233.4964
155,1117054040003 ,구로3동,1117054,445.2565,155.0763,155.0763,227.5282,152.6975,149.3882
156,1117054040010 ,구로3동,1117054,502.5793,174.8549,174.8549,363.765,305.3648,284.7188
157,1117054040011 ,구로3동,1117054,60.8097,41.992,41.992,102.2443,136.1238,111.6007
158,1117054040008 ,구로3동,1117054,697.6026,757.5531,757.5531,1013.0322,1121.9696,1173.7456
159,1117054040009 ,구로3동,1117054,507.2869,499.7106,499.7106,625.0998,666.8731,644.8066
160,1117054040004 ,구로3동,1117054,2992.29,4472.6438,4472.6438,13882.0924,16104.8854,15705.3704
161,1117054040005 ,구로3동,1117054,575.3283,652.2336,652.2336,493.9143,389.2423,384.6291
162,1117054040006 ,구로3동,1117054,600.2538,702.9903,702.9903,1982.6265,2255.715,2066.4003
163,1117054040007 ,구로3동,1117054,439.0585,150.4354,150.4354,823.2242,727.2014,668.5703
164,1117054040301 ,구로3동,1117054,290.1337,143.0579,143.0579,199.5095,130.3477,126.467
165,1117055010001 ,구로4동,1117055,110.8632,74.5828,74.5828,86.7707,107.6303,116.6703
166,1117055010003 ,구로4동,1117055,668.0971,705.6586,705.6586,569.3855,684.9301,703.5791
167,1117055010002 ,구로4동,1117055,631.9067,586.8027,586.8027,477.7585,521.726,550.083
168,1117055010005 ,구로4동,1117055,503.468,579.1322,579.1322,433.0625,422.8885,457.475
169,1117055010004 ,구로4동,1117055,1124.3284,1087.9977,1087.9977,950.6862,975.0762,1095.5535
170,1117055010006 ,구로4동,1117055,1704.2599,2342.8572,2342.8572,2124.0571,2146.0458,1986.3856
171,1117055010201 ,구로4동,1117055,74.9816,8.7003,8.7003,40.4281,30.9445,31.5794
172,1117055010601 ,구로4동,1117055,46.7534,92.9178,92.9178,60.5426,57.6962,59.7864
173,1117055010603 ,구로4동,1117055,53.7572,70.3416,70.3416,53.3678,42.0686,36.6265
174,1117055010602 ,구로4동,1117055,270.7414,296.6922,296.6922,302.4814,248.0419,263.4843
175,1117055010701 ,구로4동,1117055,457.4655,168.9549,168.9549,262.8843,233.6166,243.295
176,1117055010801 ,구로4동,1117055,554.8403,169.9606,169.9606,255.2141,215.9102,196.935
177,1117055010901 ,구로4동,1117055,40.1056,70.118,70.118,43.1195,82.6521,93.3715
178,1117055011001 ,구로4동,1117055,46.6139,24.0076,24.0076,45.9508,38.3631,39.1695
179,1117055011002 ,구로4동,1117055,292.2708,224.3429,224.3429,357.7919,260.3406,287.891
180,1117055011401 ,구로4동,1117055,253.0775,29.6945,29.6945,102.1991,83.6165,76.4
181,1117055011601 ,구로4동,1117055,229.9148,254.3499,254.3499,331.6575,392.271,394.9459
182,1117055011801 ,구로4동,1117055,170.9269,83.2948,83.2948,128.9551,123.1151,116.5201
183,1117055020006 ,구로4동,1117055,945.9089,1520.8354,1520.8354,1042.1709,1156.944,1318.1101
184,1117055020007 ,구로4동,1117055,354.4454,302.2572,302.2572,365.9885,310.7948,330.2949
185,1117055020004 ,구로4동,1117055,402.3632,451.9796,451.9796,367.5459,355.7572,336.4273
186,1117055020005 ,구로4동,1117055,302.0916,250.8016,250.8016,223.6834,232.5626,254.2966
187,1117055020002 ,구로4동,1117055,79.6016,36.2668,36.2668,58.9687,52.8645,55.6959
188,1117055020003 ,구로4동,1117055,416.1921,827.5493,827.5493,747.0468,912.1446,990.7779
189,1117055020001 ,구로4동,1117055,116.9566,223.0851,223.0851,142.8756,175.6478,168.0369
190,1117055020010 ,구로4동,1117055,448.1918,922.7346,922.7346,493.8485,517.0579,580.9084
191,1117055020016 ,구로4동,1117055,719.2505,1046.2977,1046.2977,611.6212,721.1369,845.5765
192,1117055020008 ,구로4동,1117055,199.9726,90.4184,90.4184,248.8565,189.5742,207.3898
193,1117055020009 ,구로4동,1117055,368.0849,227.0462,227.0462,279.8649,242.3814,237.5813
194,1117055020012 ,구로4동,1117055,,,,,,
195,1117055020013 ,구로4동,1117055,837.6143,1094.1831,1094.1831,996.7701,1142.0792,1221.9381
196,1117055020014 ,구로4동,1117055,333.3224,370.2951,370.2951,286.4867,304.2904,337.2706
197,1117055020011 ,구로4동,1117055,313.7791,378.009,378.009,327.9504,392.7348,410.2893
198,1117055020102 ,구로4동,1117055,62.6178,17.8227,17.8227,58.2512,39.1372,42.2515
199,1117055020101 ,구로4동,1117055,694.223,356.2532,356.2532,529.9043,502.0729,523.2717
200,1117055020104 ,구로4동,1117055,,,,,,
201,1117055021001 ,구로4동,1117055,258.6866,169.9323,169.9323,165.8019,176.4937,210.7039
202,1117055021002 ,구로4동,1117055,126.9307,114.0042,114.0042,108.3982,102.2995,120.2772
203,1117055021003 ,구로4동,1117055,262.2021,165.3561,165.3561,166.442,179.0721,214.126
204,1117055021105 ,구로4동,1117055,366.0032,96.8443,96.8443,193.5755,164.4134,191.2818
205,1117055021102 ,구로4동,1117055,151.8318,35.547,35.547,86.7905,68.7509,75.4511
206,1117055021103 ,구로4동,1117055,367.0995,90.0384,90.0384,230.1687,171.1408,174.6693
207,1117055021101 ,구로4동,1117055,256.0143,113.3039,113.3039,171.0816,126.4167,128.8248
208,1117055021106 ,구로4동,1117055,287.7146,65.3249,65.3249,179.2823,133.3086,136.0441
209,1117055021107 ,구로4동,1117055,293.5164,82.5287,82.5287,188.4303,138.53,144.422
210,1117055021104 ,구로4동,1117055,118.4045,18.6313,18.6313,73.3512,52.5767,59.4081
211,1117056010004 ,구로5동,1117056,1116.744,1246.6228,1246.6228,1158.4489,1102.3047,1172.1904
212,1117056010001 ,구로5동,1117056,483.6448,674.9836,674.9836,448.2841,512.1404,500.8302
213,1117056010003 ,구로5동,1117056,1698.5335,3100.5328,3100.5328,3541.5021,3535.854,3436.5536
214,1117056010002 ,구로5동,1117056,2697.7316,6178.3115,6178.3115,3365.3663,3840.8087,3830.0459
215,1117056010101 ,구로5동,1117056,778.82,418.0447,418.0447,508.2927,336.3816,309.027
216,1117056010201 ,구로5동,1117056,248.9973,434.529,434.529,174.944,211.6663,197.6565
217,1117056010203 ,구로5동,1117056,181.8747,314.5279,314.5279,127.842,154.6184,144.4105
218,1117056010202 ,구로5동,1117056,380.3502,98.1069,98.1069,206.539,126.3107,135.9091
219,1117056010205 ,구로5동,1117056,537.7948,322.281,322.281,281.3022,315.0503,297.3151
220,1117056010204 ,구로5동,1117056,207.3559,40.3427,40.3427,108.5506,66.0278,71.1063
221,1117056010207 ,구로5동,1117056,248.2128,335.8642,335.8642,167.1399,202.9679,189.7087
222,1117056010206 ,구로5동,1117056,225.3911,151.6713,151.6713,146.2179,118.5624,110.9426
223,1117056010401 ,구로5동,1117056,1152.9076,558.2409,558.2409,734.3556,456.0085,436.0797
224,1117056010501 ,구로5동,1117056,561.6487,416.0688,416.0688,439.6422,238.3788,236.8245
225,1117056010502 ,구로5동,1117056,14.5123,16.9812,16.9812,13.1372,9.413,9.3564
226,1117056010801 ,구로5동,1117056,752.9516,68.3583,68.3583,358.9522,258.9863,237.2873
227,1117056020010 ,구로5동,1117056,3349.5823,4246.6716,4246.6716,3539.0876,3780.3332,3869.6975
228,1117056020008 ,구로5동,1117056,112.9448,157.1337,157.1337,94.8303,112.914,105.5396
229,1117056020009 ,구로5동,1117056,581.5122,592.2009,592.2009,548.7535,497.4234,549.8477
230,1117056020011 ,구로5동,1117056,2340.8836,3712.6496,3712.6496,3188.7297,3633.8991,3676.9018
231,1117056020006 ,구로5동,1117056,169.0185,106.8043,106.8043,125.7168,97.5097,104.28
232,1117056020007 ,구로5동,1117056,328.3735,256.9881,256.9881,252.1798,212.0008,232.0977
233,1117056020004 ,구로5동,1117056,347.4264,264.4442,264.4442,263.1923,203.8628,239.7716
234,1117056020005 ,구로5동,1117056,602.8862,604.4903,604.4903,700.6255,669.3277,750.6937
235,1117056020002 ,구로5동,1117056,256.4801,194.9491,194.9491,169.0673,121.0255,151.8665
236,1117056020003 ,구로5동,1117056,507.7303,384.5158,384.5158,428.5652,356.5253,396.0885
237,1117056020001 ,구로5동,1117056,30.9102,50.0221,50.0221,136.4637,148.5679,138.5374
238,1117056020101 ,구로5동,1117056,10.9019,0.5752,0.5752,4.0796,2.4052,2.191
239,1117056020301 ,구로5동,1117056,467.6679,304.4317,304.4317,334.5114,336.6321,369.3433
240,1117056020401 ,구로5동,1117056,398.9179,96.2257,96.2257,238.4182,186.6086,178.3975
241,1117056020601 ,구로5동,1117056,554.9963,544.5287,544.5287,351.6269,368.7531,363.8911
242,1117056020704 ,구로5동,1117056,174.382,102.0829,102.0829,139.2132,113.0126,162.3493
243,1117056020702 ,구로5동,1117056,436.5693,224.4234,224.4234,289.3111,223.5763,302.2126
244,1117056020703 ,구로5동,1117056,315.5784,140.0489,140.0489,211.8301,153.9088,178.911
245,1117056020701 ,구로5동,1117056,14.9356,15.363,15.363,13.083,9.9655,11.9723
246,1117056020801 ,구로5동,1117056,155.0579,34.9545,34.9545,104.0673,81.841,93.3949
247,1117056020902 ,구로5동,1117056,218.841,70.2887,70.2887,151.8456,121.5118,138.7322
248,1117056020903 ,구로5동,1117056,3.0576,4.1304,4.1304,2.1169,1.4428,1.544
249,1117056020901 ,구로5동,1117056,6.5213,10.007,10.007,6.1433,4.4873,5.0604
250,1117056021401 ,구로5동,1117056,,,,,,
251,1117056030009 ,구로5동,1117056,373.9872,984.7667,984.7667,885.9308,1198.7891,1209.2448
252,1117056030008 ,구로5동,1117056,70.7335,150.6407,150.6407,100.3961,104.8243,106.2399
253,1117056030007 ,구로5동,1117056,209.7044,217.6375,217.6375,242.3999,228.2152,245.0591
254,1117056030006 ,구로5동,1117056,1085.0954,971.4928,971.4928,1192.7216,1232.562,1094.0371
255,1117056030005 ,구로5동,1117056,653.693,812.0264,812.0264,1086.9486,1127.1873,1040.4396
256,1117056030004 ,구로5동,1117056,375.0083,297.9173,297.9173,347.4505,341.228,328.7699
257,1117056030003 ,구로5동,1117056,118.2676,75.1869,75.1869,121.7345,113.2618,103.4761
258,1117056030002 ,구로5동,1117056,429.0183,740.0214,740.0214,601.4124,638.7111,623.1881
259,1117056030001 ,구로5동,1117056,,,,0.0013,,0.0008
260,1117056030102 ,구로5동,1117056,93.206,60.3389,60.3389,118.2049,118.3355,139.3407
261,1117056030101 ,구로5동,1117056,420.9929,234.1978,234.1978,346.7954,269.2892,308.4947
262,1117056030201 ,구로5동,1117056,512.3774,175.0284,175.0284,328.4785,245.3531,247.407
263,1117056030301 ,구로5동,1117056,183.5586,116.6212,116.6212,156.3898,127.2856,144.8438
264,1117056030401 ,구로5동,1117056,683.212,311.5164,311.5164,494.4899,493.6206,479.6773
265,1117056030901 ,구로5동,1117056,273.5309,406.7276,406.7276,345.1141,349.287,414.7594
266,1117056031101 ,구로5동,1117056,142.1845,215.8629,215.8629,218.8958,247.6785,238.7502
267,1117056031201 ,구로5동,1117056,909.2977,1257.9756,1257.9756,1143.1153,1251.6017,1214.7447
268,1117056031501 ,구로5동,1117056,10.5898,8.7008,8.7008,9.1543,5.2312,6.536
269,1117056031801 ,구로5동,1117056,368.9119,264.1602,264.1602,323.5903,318.5101,313.2174
270,1117061010006 ,고척1동,1117061,1225.8118,1780.7462,1780.7462,1598.4888,2009.5358,1927.4784
271,1117061010001 ,고척1동,1117061,1177.1513,729.1678,729.1678,843.7296,592.5026,538.3267
272,1117061010003 ,고척1동,1117061,755.9433,1360.8943,1360.8943,896.147,1059.3206,1086.7554
273,1117061010002 ,고척1동,1117061,449.5586,340.4263,340.4263,373.8525,345.7421,326.6713
274,1117061010005 ,고척1동,1117061,175.8852,88.7216,88.7216,127.3787,101.455,104.965
275,1117061010004 ,고척1동,1117061,75.8484,128.2173,128.2173,87.5562,96.5062,88.9758
276,1117061010007 ,고척1동,1117061,535.4555,253.7242,253.7242,356.4749,284.1262,269.5365
277,1117061010011 ,고척1동,1117061,3.2332,8.5171,8.5171,5.2118,6.1881,6.3274
278,1117061010010 ,고척1동,1117061,1093.5237,692.5068,692.5068,780.3456,580.0235,526.9308
279,1117061010009 ,고척1동,1117061,127.0477,44.3436,44.3436,107.3405,99.0997,84.0778
280,1117061010008 ,고척1동,1117061,1027.7035,1228.9745,1228.9745,971.4471,920.3782,1050.5551
281,1117061010101 ,고척1동,1117061,254.5244,101.7193,101.7193,172.4803,146.0841,141.1548
282,1117061010201 ,고척1동,1117061,3.2614,2.2697,2.2697,1.6196,1.1032,1.0084
283,1117061010301 ,고척1동,1117061,238.7657,121.146,121.146,156.7091,111.3501,112.0969
284,1117061010401 ,고척1동,1117061,110.559,47.2375,47.2375,68.1946,56.7103,63.6402
285,1117061010601 ,고척1동,1117061,162.2454,70.5772,70.5772,100.0857,75.0914,76.9209
286,1117061010602 ,고척1동,1117061,221.7858,189.1941,189.1941,153.3013,151.1264,177.998
287,1117061010701 ,고척1동,1117061,0.2776,0.1535,0.1535,0.6467,0.3351,0.1855
288,1117061010703 ,고척1동,1117061,0.3435,0.1321,0.1321,0.7501,0.3926,0.2171
289,1117061010702 ,고척1동,1117061,0.4836,0.1818,0.1818,1.0527,0.5525,0.3058
290,1117061010801 ,고척1동,1117061,187.4805,118.3789,118.3789,185.171,116.0906,91.534
291,1117061010802 ,고척1동,1117061,278.6153,46.8657,46.8657,163.8778,137.1001,130.254
292,1117061010901 ,고척1동,1117061,161.9942,74.0129,74.0129,103.9711,77.4444,78.9021
293,1117061020006 ,고척1동,1117061,394.6648,329.8081,329.8081,309.1512,263.8111,243.7631
294,1117061020004 ,고척1동,1117061,920.3395,1119.7587,1119.7587,969.2759,1026.0393,1018.8805
295,1117061020005 ,고척1동,1117061,1443.4767,1519.3332,1519.3332,1757.2253,2003.0495,1979.3024
296,1117061020002 ,고척1동,1117061,1501.843,2103.7124,2103.7124,1702.9358,1653.933,1748.8317
297,1117061020003 ,고척1동,1117061,265.129,340.8714,340.8714,320.89,306.5202,294.1011
298,1117061020001 ,고척1동,1117061,1490.3787,2251.5445,2251.5445,2009.7261,2381.2771,2276.3019
299,1117061020101 ,고척1동,1117061,228.5325,96.0595,96.0595,170.3633,143.7367,137.7209
300,1117061020201 ,고척1동,1117061,292.6965,47.5361,47.5361,177.9786,120.9757,104.3248
301,1117061020202 ,고척1동,1117061,297.4514,15.5069,15.5069,161.7038,110.4581,95.3853
302,1117061020203 ,고척1동,1117061,17.1786,5.5859,5.5859,12.0803,8.1608,7.4975
303,1117061020401 ,고척1동,1117061,1344.4032,803.2066,803.2066,980.0749,1007.5046,940.1322
304,1117061020502 ,고척1동,1117061,545.9457,242.8879,242.8879,301.225,230.1059,214.0875
305,1117061020503 ,고척1동,1117061,0.2716,0.9529,0.9529,1.9884,0.1258,0.1234
306,1117061020501 ,고척1동,1117061,112.7604,16.9435,16.9435,53.604,35.8944,35.0799
307,1117061020601 ,고척1동,1117061,177.3325,94.2584,94.2584,127.3843,105.6353,101.5477
308,1117061020602 ,고척1동,1117061,337.088,157.5795,157.5795,233.6091,196.4534,189.4295
309,1117061020702 ,고척1동,1117061,439.6224,191.3697,191.3697,308.8694,267.6554,257.9039
310,1117061020703 ,고척1동,1117061,371.4486,136.8844,136.8844,253.2202,222.4939,214.677
311,1117061020701 ,고척1동,1117061,479.3869,232.4369,232.4369,344.393,295.6391,284.7598
312,1117061020704 ,고척1동,1117061,303.6905,139.7246,139.7246,215.8396,186.4636,179.7386
313,1117061030001 ,고척1동,1117061,867.5398,1460.1081,1460.1081,1468.3134,1682.8403,1963.7367
314,1117061030105 ,고척1동,1117061,705.0318,111.2936,111.2936,472.6553,366.5141,310.5393
315,1117061030104 ,고척1동,1117061,28.8676,41.8617,41.8617,31.128,28.4137,31.3576
316,1117061030103 ,고척1동,1117061,816.5593,432.4866,432.4866,616.3088,437.1375,438.8703
317,1117061030102 ,고척1동,1117061,14.4472,81.1945,81.1945,26.5376,26.9857,31.1763
318,1117061030101 ,고척1동,1117061,83.3824,29.7406,29.7406,59.118,45.9339,39.6497
319,1117062010011 ,고척2동,1117062,181.6148,197.461,197.461,145.5538,126.0151,123.3591
320,1117062010010 ,고척2동,1117062,,,,0.4386,0.063,0.6625
321,1117062010012 ,고척2동,1117062,401.3176,369.0401,369.0401,335.182,335.4925,313.5877
322,1117062010001 ,고척2동,1117062,721.1403,544.3396,544.3396,573.3816,494.8752,469.7938
323,1117062010005 ,고척2동,1117062,0.0043,0.0739,0.0739,1.0284,0.9921,1.0647
324,1117062010003 ,고척2동,1117062,0.0194,5.3582,5.3582,0.4155,0.4864,2.0438
325,1117062010002 ,고척2동,1117062,1609.3735,1649.5987,1649.5987,1747.432,1730.2032,1631.486
326,1117062010006 ,고척2동,1117062,584.3419,519.5278,519.5278,496.9753,461.6418,439.1141
327,1117062010004 ,고척2동,1117062,1422.143,1285.5993,1285.5993,1376.7202,1237.1561,1188.02
328,1117062010009 ,고척2동,1117062,1.5599,,,0.9453,1.5639,1.7568
329,1117062010008 ,고척2동,1117062,145.2993,68.3078,68.3078,89.0973,63.8224,65.0883
330,1117062010007 ,고척2동,1117062,432.7527,485.0029,485.0029,490.1951,487.2854,520.199
331,1117062010101 ,고척2동,1117062,141.5081,31.8471,31.8471,96.9626,76.6865,74.9759
332,1117062010201 ,고척2동,1117062,249.3142,124.7932,124.7932,172.764,141.2759,141.022
333,1117062010306 ,고척2동,1117062,155.8152,38.1425,38.1425,90.2184,69.4534,55.8018
334,1117062010301 ,고척2동,1117062,150.8713,57.529,57.529,92.4969,71.3175,58.078
335,1117062010303 ,고척2동,1117062,143.5317,62.3638,62.3638,87.8949,73.9268,73.4679
336,1117062010302 ,고척2동,1117062,190.7929,148.3093,148.3093,155.0668,117.1652,116.6589
337,1117062010305 ,고척2동,1117062,191.4,127.9094,127.9094,123.9185,134.0339,94.1697
338,1117062010304 ,고척2동,1117062,167.0128,81.7172,81.7172,121.1774,110.5037,96.4408
339,1117062010501 ,고척2동,1117062,476.7161,212.8273,212.8273,304.6006,216.394,213.0958
340,1117062010801 ,고척2동,1117062,670.644,315.0411,315.0411,511.2227,399.2675,373.4827
341,1117062010901 ,고척2동,1117062,1023.0526,338.8874,338.8874,601.9056,361.0332,356.8858
342,1117062011001 ,고척2동,1117062,323.0562,118.025,118.025,191.114,120.3494,114.6019
343,1117062020006 ,고척2동,1117062,346.5654,314.2357,314.2357,300.0802,228.8298,237.82
344,1117062020007 ,고척2동,1117062,672.278,1066.6567,1066.6567,664.4846,862.5973,876.7897
345,1117062020004 ,고척2동,1117062,200.1638,194.9053,194.9053,189.982,144.432,118.6598
346,1117062020005 ,고척2동,1117062,184.4466,108.0118,108.0118,141.769,100.7883,104.6363
347,1117062020002 ,고척2동,1117062,315.1946,239.3446,239.3446,260.9844,199.2022,207.0908
348,1117062020003 ,고척2동,1117062,279.2394,240.6508,240.6508,243.0392,211.2515,174.4364
349,1117062020010 ,고척2동,1117062,486.8976,475.537,475.537,518.6732,476.7296,408.284
350,1117062020001 ,고척2동,1117062,198.1824,350.0883,350.0883,269.8617,303.5884,288.0822
351,1117062020018 ,고척2동,1117062,351.3837,357.2039,357.2039,321.472,265.3444,275.7212
352,1117062020008 ,고척2동,1117062,160.8346,229.3211,229.3211,190.4671,182.2926,181.0267
353,1117062020009 ,고척2동,1117062,8.1905,8.9309,8.9309,7.089,5.1299,5.1775
354,1117062020019 ,고척2동,1117062,162.3897,191.0755,191.0755,130.6013,140.3744,153.1164
355,1117062020016 ,고척2동,1117062,505.975,357.2992,357.2992,399.9158,338.74,348.6085
356,1117062020017 ,고척2동,1117062,277.9742,129.1847,129.1847,174.8964,129.8363,120.9693
357,1117062020014 ,고척2동,1117062,174.1523,125.7278,125.7278,150.2296,121.5095,100.4889
358,1117062020015 ,고척2동,1117062,282.5201,195.1344,195.1344,241.4983,188.677,155.491
359,1117062020012 ,고척2동,1117062,441.5253,242.2941,242.2941,352.3286,268.0231,228.5533
360,1117062020020 ,고척2동,1117062,1089.0087,856.4504,856.4504,796.1289,715.7167,665.9743
361,1117062020013 ,고척2동,1117062,70.4822,55.4196,55.4196,58.4398,45.8002,47.4963
362,1117062020011 ,고척2동,1117062,662.7887,921.8653,921.8653,947.3554,947.8527,941.2193
363,1117062020304 ,고척2동,1117062,,,,0.8893,2.6924,
364,1117062020302 ,고척2동,1117062,,,,0.1197,0.5425,0.2351
365,1117062020303 ,고척2동,1117062,41.1431,57.675,57.675,51.3512,44.2472,45.3103
366,1117062020301 ,고척2동,1117062,,,,0.2867,0.7163,
367,1117062020401 ,고척2동,1117062,381.1369,129.7957,129.7957,327.9943,225.3522,234.999
368,1117062020402 ,고척2동,1117062,606.7016,295.0629,295.0629,558.2317,342.6215,453.6243
369,1117062020501 ,고척2동,1117062,415.1153,245.3707,245.3707,307.1073,252.4743,238.9538
370,1117062020601 ,고척2동,1117062,241.5125,159.5713,159.5713,187.699,139.974,139.6755
371,1117062020702 ,고척2동,1117062,109.3429,67.0825,67.0825,87.9192,61.4415,61.8429
372,1117062020701 ,고척2동,1117062,,,,,,
373,1117064010001 ,개봉2동,1117064,233.5968,131.7561,131.7561,150.4779,117.0336,115.5645
374,1117064010003 ,개봉2동,1117064,559.4006,356.1666,356.1666,390.7541,334.62,298.3414
375,1117064010002 ,개봉2동,1117064,469.5212,362.7345,362.7345,348.9336,305.6968,269.5454
376,1117064010005 ,개봉2동,1117064,326.7709,188.1004,188.1004,212.2123,161.0662,167.226
377,1117064010004 ,개봉2동,1117064,285.1915,202.169,202.169,207.2477,181.5607,200.0546
378,1117064010007 ,개봉2동,1117064,383.758,231.9086,231.9086,255.998,208.4593,217.655
379,1117064010006 ,개봉2동,1117064,406.5856,426.4078,426.4078,325.384,304.0923,291.6139
380,1117064010019 ,개봉2동,1117064,286.4973,382.1444,382.1444,257.4666,255.5644,226.8076
381,1117064010018 ,개봉2동,1117064,415.0045,365.2753,365.2753,284.9703,245.8296,256.1625
382,1117064010011 ,개봉2동,1117064,377.1382,401.7946,401.7946,354.4541,356.8526,385.6968
383,1117064010010 ,개봉2동,1117064,10.2312,10.8428,10.8428,8.6339,7.2783,6.5249
384,1117064010013 ,개봉2동,1117064,372.2709,261.7356,261.7356,269.0713,231.9078,217.067
385,1117064010012 ,개봉2동,1117064,415.9708,287.8818,287.8818,318.3412,259.2709,277.4838
386,1117064010015 ,개봉2동,1117064,931.4239,907.9284,907.9284,675.24,651.8247,572.1227
387,1117064010014 ,개봉2동,1117064,270.6306,151.6885,151.6885,182.6303,145.6404,146.3034
388,1117064010017 ,개봉2동,1117064,323.7737,231.6993,231.6993,230.4731,179.6801,206.5986
389,1117064010016 ,개봉2동,1117064,460.4767,313.165,313.165,318.7145,297.2659,244.9303
390,1117064010021 ,개봉2동,1117064,1103.0954,1449.1216,1449.1216,1036.3553,1162.3031,1170.88
391,1117064010020 ,개봉2동,1117064,287.7667,104.3113,104.3113,164.6482,111.3327,105.8571
392,1117064010023 ,개봉2동,1117064,761.5946,845.936,845.936,781.4049,764.7806,788.3625
393,1117064010022 ,개봉2동,1117064,445.6979,433.1036,433.1036,333.5766,303.6276,295.4763
394,1117064010025 ,개봉2동,1117064,238.4498,172.8821,172.8821,173.7265,142.5575,149.1967
395,1117064010024 ,개봉2동,1117064,424.2191,303.3239,303.3239,294.7188,253.6805,226.3671
396,1117064010027 ,개봉2동,1117064,458.839,305.4501,305.4501,323.5519,286.6892,247.9895
397,1117064010026 ,개봉2동,1117064,422.8999,355.1254,355.1254,310.6709,278.3021,290.4108
398,1117064010009 ,개봉2동,1117064,68.0041,72.6191,72.6191,57.3455,45.2844,56.9029
399,1117064010008 ,개봉2동,1117064,382.2951,318.5702,318.5702,294.0371,260.7667,237.8216
400,1117064011102 ,개봉2동,1117064,106.3446,36.9942,36.9942,68.25,57.6918,69.8021
401,1117064011104 ,개봉2동,1117064,56.2423,31.7001,31.7001,29.0252,16.8115,16.4416
402,1117064011101 ,개봉2동,1117064,,,,0.5122,0.4996,0.4986
403,1117064011103 ,개봉2동,1117064,210.9682,63.5957,63.5957,131.7578,110.937,133.8999
404,1117064011201 ,개봉2동,1117064,586.0952,242.7708,242.7708,410.8522,390.0256,354.9458
405,1117064011202 ,개봉2동,1117064,750.7867,496.442,496.442,572.2208,531.4847,482.1092
406,1117064020004 ,개봉2동,1117064,706.2288,847.165,847.165,661.2527,628.4947,658.0257
407,1117064020002 ,개봉2동,1117064,1056.1947,1124.697,1124.697,1082.4631,1018.141,1150.2973
408,1117064020001 ,개봉2동,1117064,1930.0788,4124.3764,4124.3764,2462.9151,2699.3792,2916.2813
409,1117064020104 ,개봉2동,1117064,138.6267,71.6165,71.6165,86.2915,70.1767,73.5916
410,1117064020102 ,개봉2동,1117064,305.0876,75.01,75.01,169.4272,103.4836,108.8961
411,1117064020103 ,개봉2동,1117064,180.4731,107.2324,107.2324,115.0462,94.738,99.6162
412,1117064020101 ,개봉2동,1117064,363.1936,87.7605,87.7605,201.2539,123.5821,130.3978
413,1117064020214 ,개봉2동,1117064,141.9187,38.0489,38.0489,81.8715,53.9719,56.8391
414,1117064020206 ,개봉2동,1117064,,,,,,
415,1117064020207 ,개봉2동,1117064,318.314,112.484,112.484,221.0156,175.3392,189.9751
416,1117064020204 ,개봉2동,1117064,56.413,13.5955,13.5955,31.9889,21.1374,22.27
417,1117064020205 ,개봉2동,1117064,429.0651,219.7984,219.7984,313.7089,328.5681,385.8
418,1117064020202 ,개봉2동,1117064,0.0107,0.0279,0.0279,0.0122,0.0122,0.0143
419,1117064020203 ,개봉2동,1117064,,,,,,
420,1117064020210 ,개봉2동,1117064,291.4911,128.9311,128.9311,214.7784,180.6508,198.1198
421,1117064020212 ,개봉2동,1117064,255.7061,89.4506,89.4506,171.8159,141.3392,162.7305
422,1117064020213 ,개봉2동,1117064,338.9722,89.9626,89.9626,194.393,136.3102,142.1742
423,1117064020211 ,개봉2동,1117064,371.949,104.207,104.207,259.6079,215.6555,235.1538
424,1117064020208 ,개봉2동,1117064,235.8725,72.0904,72.0904,166.2798,137.9318,150.3636
425,1117064020209 ,개봉2동,1117064,243.0647,136.9608,136.9608,179.9129,191.3004,225.6995
426,1117064020303 ,개봉2동,1117064,60.4167,59.6909,59.6909,44.3078,38.3402,39.9956
427,1117064020301 ,개봉2동,1117064,406.3325,260.2678,260.2678,272.1219,242.9006,257.949
428,1117064020304 ,개봉2동,1117064,327.7804,235.1253,235.1253,223.9196,197.8706,207.6021
429,1117064020305 ,개봉2동,1117064,318.5696,125.9065,125.9065,197.8018,176.1628,184.6861
430,1117064020302 ,개봉2동,1117064,220.8611,115.2115,115.2115,142.3797,125.6827,131.5026
431,1117064020501 ,개봉2동,1117064,1185.186,721.2982,721.2982,872.3141,626.8926,700.6824
432,1117064020602 ,개봉2동,1117064,192.5844,39.8397,39.8397,128.4871,94.3147,97.2188
433,1117064020601 ,개봉2동,1117064,508.6532,615.5527,615.5527,440.7019,483.3187,748.6269
434,1117065010001 ,개봉3동,1117065,1646.4071,2126.1987,2126.1987,2275.043,2563.9995,2603.0008
435,1117065010003 ,개봉3동,1117065,1195.0283,913.6908,913.6908,481.3099,382.6067,396.6332
436,1117065010002 ,개봉3동,1117065,718.2441,622.8275,622.8275,487.311,411.1233,433.2207
437,1117065010005 ,개봉3동,1117065,429.0066,283.5271,283.5271,319.5295,250.0527,262.8728
438,1117065010004 ,개봉3동,1117065,332.8176,306.6921,306.6921,284.2075,259.3498,270.0338
439,1117065020001 ,개봉3동,1117065,481.3078,265.9279,265.9279,361.5483,279.892,293.1717
440,1117065020006 ,개봉3동,1117065,11.2738,13.8216,13.8216,15.0892,20.8894,23.6904
441,1117065020007 ,개봉3동,1117065,2277.6356,2058.9236,2058.9236,2231.4324,1920.3695,1758.4781
442,1117065020016 ,개봉3동,1117065,1.324,0.4696,0.4696,,,
443,1117065020017 ,개봉3동,1117065,56.8196,59.0164,59.0164,48.3515,56.8625,54.9136
444,1117065020014 ,개봉3동,1117065,327.9718,227.4769,227.4769,275.6056,266.422,293.2307
445,1117065020015 ,개봉3동,1117065,208.7823,101.6767,101.6767,157.1128,141.0162,154.6801
446,1117065020012 ,개봉3동,1117065,81.7294,57.8473,57.8473,81.4052,65.6765,65.0908
447,1117065020013 ,개봉3동,1117065,260.9873,187.5668,187.5668,201.7059,147.1888,161.6188
448,1117065020010 ,개봉3동,1117065,683.4034,808.2309,808.2309,554.4783,620.6956,600.4244
449,1117065020011 ,개봉3동,1117065,496.4874,695.1487,695.1487,479.9844,503.8458,547.7908
450,1117065020008 ,개봉3동,1117065,225.6409,198.3231,198.3231,177.8592,113.2492,115.1553
451,1117065020009 ,개봉3동,1117065,593.3382,388.8319,388.8319,435.8281,352.1276,387.4138
452,1117065020018 ,개봉3동,1117065,413.3092,636.6378,636.6378,430.5803,557.6721,590.2034
453,1117065020019 ,개봉3동,1117065,296.1069,268.4659,268.4659,262.9615,262.6004,290.9418
454,1117065020022 ,개봉3동,1117065,268.2187,205.0551,205.0551,256.038,228.013,226.3402
455,1117065020021 ,개봉3동,1117065,348.8597,215.117,215.117,293.6606,265.499,279.699
456,1117065020020 ,개봉3동,1117065,238.7845,166.6798,166.6798,222.6619,185.6187,183.9706
457,1117065020004 ,개봉3동,1117065,1372.2165,1534.1177,1534.1177,1159.837,1005.132,1001.9231
458,1117065020005 ,개봉3동,1117065,631.4936,414.8499,414.8499,560.4352,444.3357,388.8359
459,1117065020002 ,개봉3동,1117065,344.3309,344.7407,344.7407,319.3912,288.505,273.3852
460,1117065020003 ,개봉3동,1117065,98.6576,67.5767,67.5767,67.8067,74.1155,71.4462
461,1117065020109 ,개봉3동,1117065,0.2949,0.082,0.082,,,
462,1117065020106 ,개봉3동,1117065,210.7232,171.0058,171.0058,177.5925,165.677,165.1811
463,1117065020107 ,개봉3동,1117065,0.7451,0.4387,0.4387,,,
464,1117065020104 ,개봉3동,1117065,230.4111,119.7606,119.7606,183.2282,172.3934,172.1383
465,1117065020105 ,개봉3동,1117065,24.6387,33.2927,33.2927,25.9237,17.5638,15.344
466,1117065020102 ,개봉3동,1117065,500.5417,120.6827,120.6827,290.8292,189.7662,190.9317
467,1117065020103 ,개봉3동,1117065,212.7894,134.4175,134.4175,173.111,162.4632,162.1816
468,1117065020101 ,개봉3동,1117065,283.7606,236.8563,236.8563,236.1106,214.5251,213.7998
469,1117065020108 ,개봉3동,1117065,437.2508,153.0738,153.0738,273.4172,237.8514,231.4959
470,1117065020201 ,개봉3동,1117065,508.5305,407.4441,407.4441,413.2606,366.3051,355.619
471,1117065020401 ,개봉3동,1117065,,,,,,
472,1117065020501 ,개봉3동,1117065,0.8799,2.0281,2.0281,0.827,0.4699,0.474
473,1117065020601 ,개봉3동,1117065,161.3106,167.8999,167.8999,151.7589,100.2595,137.2523
474,1117067010008 ,오류1동,1117067,233.8473,269.0929,269.0929,228.6256,187.5294,184.7267
475,1117067010001 ,오류1동,1117067,455.5497,406.2078,406.2078,383.4552,359.3108,363.069
476,1117067010003 ,오류1동,1117067,338.2624,350.0008,350.0008,362.5666,387.0292,332.1348
477,1117067010002 ,오류1동,1117067,1057.1155,1400.3835,1400.3835,836.8451,962.0237,991.9009
478,1117067010005 ,오류1동,1117067,677.2761,793.0833,793.0833,607.2589,602.8653,681.7536
479,1117067010004 ,오류1동,1117067,207.5863,249.8309,249.8309,197.4528,212.1529,204.5406
480,1117067010007 ,오류1동,1117067,638.393,656.2531,656.2531,535.8819,485.29,547.9106
481,1117067010006 ,오류1동,1117067,313.0486,383.2279,383.2279,289.3325,314.0175,348.6464
482,1117067010010 ,오류1동,1117067,392.1945,294.09,294.09,320.696,257.2865,264.6233
483,1117067010009 ,오류1동,1117067,174.9663,138.0565,138.0565,147.2167,134.9147,115.5442
484,1117067010301 ,오류1동,1117067,360.1858,287.0631,287.0631,319.7763,252.5129,285.0644
485,1117067010302 ,오류1동,1117067,116.2239,100.226,100.226,109.0571,78.0663,81.8096
486,1117067020006 ,오류1동,1117067,570.7619,638.3579,638.3579,509.2046,482.1956,525.9762
487,1117067020007 ,오류1동,1117067,397.6425,449.7177,449.7177,326.3104,323.369,338.5442
488,1117067020004 ,오류1동,1117067,82.3846,68.2565,68.2565,68.3305,55.0651,61.944
489,1117067020005 ,오류1동,1117067,445.4225,309.4293,309.4293,276.9532,225.3754,211.4235
490,1117067020002 ,오류1동,1117067,364.2036,199.4251,199.4251,252.3925,214.805,232.5716
491,1117067020003 ,오류1동,1117067,1008.5745,862.2022,862.2022,866.2564,690.9057,801.6486
492,1117067020001 ,오류1동,1117067,556.3267,543.3526,543.3526,514.0133,495.8671,524.6724
493,1117067020010 ,오류1동,1117067,145.1568,79.6761,79.6761,86.0849,53.0497,46.8828
494,1117067020008 ,오류1동,1117067,280.815,156.7257,156.7257,210.589,187.2171,212.2669
495,1117067020009 ,오류1동,1117067,0.4307,2.1001,2.1001,1.502,1.4677,1.5001
496,1117067020304 ,오류1동,1117067,163.3227,104.3885,104.3885,146.4031,110.1279,115.5589
497,1117067020305 ,오류1동,1117067,139.7977,78.7134,78.7134,122.888,92.8808,97.5563
498,1117067020302 ,오류1동,1117067,135.1488,97.3004,97.3004,123.6654,92.7007,97.2295
499,1117067020303 ,오류1동,1117067,167.3537,76.87,76.87,143.0385,108.2922,113.6681
500,1117067020301 ,오류1동,1117067,331.9334,326.3833,326.3833,352.4981,248.9354,284.6143
501,1117067020306 ,오류1동,1117067,51.6938,15.6412,15.6412,42.7864,32.814,34.4579
502,1117067020501 ,오류1동,1117067,447.7918,231.8268,231.8268,332.5728,257.3363,287.4108
503,1117067030005 ,오류1동,1117067,1058.3287,1974.8292,1974.8292,1396.511,1591.9671,1628.5195
504,1117067030004 ,오류1동,1117067,126.8326,51.1473,51.1473,87.4002,92.6319,93.7991
505,1117067030003 ,오류1동,1117067,1207.6815,1122.8139,1122.8139,1072.6575,1143.4917,1214.1001
506,1117067030002 ,오류1동,1117067,20.3594,3.7955,3.7955,10.4244,8.4142,7.8207
507,1117067030001 ,오류1동,1117067,558.9975,876.474,876.474,893.2004,905.3856,1063.5346
508,1117067030301 ,오류1동,1117067,526.0184,157.4144,157.4144,287.6752,226.0802,218.1084
509,1117067030403 ,오류1동,1117067,159.8861,104.3469,104.3469,107.8119,97.7005,98.9517
510,1117067030402 ,오류1동,1117067,98.1065,40.1906,40.1906,55.929,45.2784,45.9301
511,1117067030401 ,오류1동,1117067,135.1623,77.6994,77.6994,95.8329,95.6425,96.7695
512,1117067030501 ,오류1동,1117067,75.2196,39.342,39.342,52.9337,36.8048,42.5245
513,1117067030801 ,오류1동,1117067,218.0718,103.4415,103.4415,181.061,174.925,180.0608
514,1117068010001 ,오류2동,1117068,351.2595,363.2346,363.2346,360.0346,345.2011,355.1759
515,1117068010002 ,오류2동,1117068,666.4248,712.2872,712.2872,715.5785,621.0391,776.0963
516,1117068020009 ,오류2동,1117068,942.4145,1008.5005,1008.5005,854.5863,925.5551,1082.5081
517,1117068020011 ,오류2동,1117068,915.5154,1599.4132,1599.4132,994.9329,1107.1536,1271.3478
518,1117068020016 ,오류2동,1117068,604.2791,445.4359,445.4359,650.6061,579.4434,523.3613
519,1117068020017 ,오류2동,1117068,389.3757,242.5295,242.5295,200.6467,128.5473,121.7956
520,1117068020014 ,오류2동,1117068,383.9125,221.1013,221.1013,182.9374,104.3699,98.487
521,1117068020015 ,오류2동,1117068,367.2862,249.9064,249.9064,267.298,283.7933,271.7133
522,1117068020012 ,오류2동,1117068,1206.5893,1095.3575,1095.3575,843.7258,675.8654,720.4729
523,1117068020013 ,오류2동,1117068,658.9044,608.3688,608.3688,527.0031,636.6423,596.8565
524,1117068020010 ,오류2동,1117068,1489.8228,2074.0156,2074.0156,2246.9881,2230.2282,1814.0927
525,1117068020006 ,오류2동,1117068,1219.2713,1398.0912,1398.0912,1051.2528,1094.9853,1184.8616
526,1117068020007 ,오류2동,1117068,1650.7004,2347.1875,2347.1875,2202.8047,2093.8257,2433.108
527,1117068020004 ,오류2동,1117068,1081.8554,1594.4797,1594.4797,1004.1977,929.8334,1168.5753
528,1117068020005 ,오류2동,1117068,0.4333,0.2567,0.2567,0.4231,0.6859,1.7551
529,1117068020002 ,오류2동,1117068,411.6614,307.3449,307.3449,270.1517,270.9778,259.0938
530,1117068020003 ,오류2동,1117068,175.4597,88.3855,88.3855,72.1567,46.0082,48.6565
531,1117068020001 ,오류2동,1117068,1686.8764,2198.1057,2198.1057,1999.3532,1948.5806,2004.4196
532,1117068020008 ,오류2동,1117068,231.9483,177.7549,177.7549,154.0273,117.3182,127.1671
533,1117068020101 ,오류2동,1117068,12.6507,3.3398,3.3398,9.8737,4.8794,4.4332
534,1117068020104 ,오류2동,1117068,42.0275,33.7586,33.7586,36.1666,20.0833,23.0702
535,1117068020102 ,오류2동,1117068,17.113,4.4509,4.4509,13.4518,6.6449,6.0349
536,1117068020103 ,오류2동,1117068,182.9354,116.0065,116.0065,139.0526,98.3532,110.635
537,1117068020202 ,오류2동,1117068,1.4581,,,0.9463,0.8922,0.8926
538,1117068020201 ,오류2동,1117068,311.4608,109.2743,109.2743,194.2912,119.8464,148.3825
539,1117068020302 ,오류2동,1117068,274.3372,183.5848,183.5848,194.202,182.5513,196.9211
540,1117068020301 ,오류2동,1117068,221.881,66.4112,66.4112,124.8578,114.5254,110.1127
541,1117068020503 ,오류2동,1117068,1118.7104,629.3265,629.3265,932.3587,709.7263,735.9995
542,1117068020501 ,오류2동,1117068,0.5202,1.1243,1.1243,1.1747,0.5014,0.8706
543,1117068020502 ,오류2동,1117068,2442.536,1794.5491,1794.5491,2131.9486,1670.4456,1799.4647
544,1117068020601 ,오류2동,1117068,1060.3304,833.2978,833.2978,736.8256,590.445,642.8191
545,1117068020801 ,오류2동,1117068,296.2805,122.5114,122.5114,129.482,71.1199,67.1327
546,1117068020902 ,오류2동,1117068,445.3014,159.8489,159.8489,284.604,187.2379,213.257
547,1117068020901 ,오류2동,1117068,551.5917,226.7629,226.7629,377.4872,248.6853,272.8568
548,1117068021002 ,오류2동,1117068,850.3721,405.7738,405.7738,527.1533,416.7544,444.8228
549,1117068021001 ,오류2동,1117068,175.5649,192.9473,192.9473,73.3315,45.6803,45.2093
550,1117068021206 ,오류2동,1117068,649.7309,425.8475,425.8475,460.7246,394.5229,399.4861
551,1117068021207 ,오류2동,1117068,493.8587,332.3631,332.3631,352.4813,400.4449,458.4987
552,1117068021204 ,오류2동,1117068,628.0765,670.4013,670.4013,489.911,563.9655,647.3811
553,1117068021205 ,오류2동,1117068,316.4246,70.1306,70.1306,153.1719,96.5862,95.353
554,1117068021202 ,오류2동,1117068,575.2721,586.4362,586.4362,494.6103,474.6544,489.5771
555,1117068021203 ,오류2동,1117068,518.7691,314.8041,314.8041,345.5147,212.0117,214.684
556,1117068021201 ,오류2동,1117068,661.6784,244.0096,244.0096,352.8429,223.7112,220.4331
557,1117068030006 ,오류2동,1117068,451.2587,309.0067,309.0067,232.7892,165.6631,159.3105
558,1117068030005 ,오류2동,1117068,103.2304,101.6802,101.6802,75.5963,63.9856,61.9795
559,1117068030004 ,오류2동,1117068,3931.8536,3582.0871,3582.0871,3232.2253,3244.7114,3307.3745
560,1117068030003 ,오류2동,1117068,758.8146,797.6128,797.6128,1172.5321,1037.6564,761.1743
561,1117068030002 ,오류2동,1117068,703.6171,1527.2584,1527.2584,1203.9864,1504.484,1539.6842
562,1117068030001 ,오류2동,1117068,3488.2643,4189.6659,4189.6659,3477.4963,3872.02,3885.6111
563,1117068030009 ,오류2동,1117068,519.3979,496.363,496.363,633.9237,596.0523,693.4885
564,1117068030008 ,오류2동,1117068,301.3157,186.9353,186.9353,323.8584,299.1159,248.262
565,1117068030014 ,오류2동,1117068,11.1602,3.4301,3.4301,8.7063,9.1509,5.3484
566,1117068030013 ,오류2동,1117068,646.7675,449.1735,449.1735,802.344,744.3726,642.1897
567,1117068030012 ,오류2동,1117068,1285.8536,1278.0374,1278.0374,1153.8115,939.8407,1007.2981
568,1117068030011 ,오류2동,1117068,1683.3635,1923.2938,1923.2938,1615.9887,1421.9146,1519.6581
569,1117068030010 ,오류2동,1117068,554.7157,285.7086,285.7086,362.211,316.657,344.5524
570,1117068030007 ,오류2동,1117068,363.2842,314.3141,314.3141,459.5186,440.0611,445.0073
571,1117068030501 ,오류2동,1117068,285.0146,151.4766,151.4766,156.223,103.5865,95.9432
572,1117068030601 ,오류2동,1117068,537.1803,266.5035,266.5035,266.0981,162.759,157.0593
573,1117068030604 ,오류2동,1117068,560.9295,312.8934,312.8934,375.4651,239.5976,282.0454
574,1117068030603 ,오류2동,1117068,531.1544,237.9571,237.9571,254.8884,157.1153,151.6549
575,1117068030602 ,오류2동,1117068,308.9455,139.5884,139.5884,192.2405,121.4614,142.0183
576,1117068031402 ,오류2동,1117068,296.3,132.0668,132.0668,186.7889,158.2173,172.5434
577,1117068031401 ,오류2동,1117068,414.4993,184.2003,184.2003,260.8637,224.899,245.5036
578,1117068031503 ,오류2동,1117068,675.0784,405.6867,405.6867,531.5651,467.8852,435.8825
579,1117068031502 ,오류2동,1117068,660.1764,445.7835,445.7835,532.8739,484.1796,465.9544
580,1117068031501 ,오류2동,1117068,598.5101,315.8512,315.8512,474.7252,355.793,320.7924
581,1117068031504 ,오류2동,1117068,608.0962,549.2678,549.2678,535.2766,527.0796,593.7397
582,1117068031601 ,오류2동,1117068,667.9688,522.7433,522.7433,656.308,579.5924,578.927
583,1117068031604 ,오류2동,1117068,546.5693,429.3189,429.3189,487.5175,442.2736,425.987
584,1117068031603 ,오류2동,1117068,575.9927,540.501,540.501,535.8843,507.1892,581.2806
585,1117068031602 ,오류2동,1117068,85.6749,74.2459,74.2459,71.0223,74.8851,74.844
586,1117068031703 ,오류2동,1117068,,,,1.3239,0.5563,
587,1117068031702 ,오류2동,1117068,,,,0.1525,,
588,1117068031701 ,오류2동,1117068,,,,0.5787,0.506,
589,1117068031904 ,오류2동,1117068,490.1367,333.1339,333.1339,436.7152,375.5014,350.5484
590,1117068031903 ,오류2동,1117068,572.1578,218.7755,218.7755,481.0288,388.4201,362.7934
591,1117068031902 ,오류2동,1117068,689.4227,381.2557,381.2557,676.9777,539.6848,745.3951
592,1117068031901 ,오류2동,1117068,489.7659,309.9117,309.9117,439.9392,361.0605,340.5069
593,1117068031907 ,오류2동,1117068,308.9338,195.0123,195.0123,280.9003,225.5569,210.2802
594,1117068031906 ,오류2동,1117068,495.5869,300.3443,300.3443,439.0283,360.1307,339.1623
595,1117068031905 ,오류2동,1117068,614.0719,438.7687,438.7687,570.3636,460.7525,430.4916
596,1117068032002 ,오류2동,1117068,205.0558,86.1162,86.1162,200.6107,159.4448,111.4936
597,1117068032001 ,오류2동,1117068,90.4711,41.3428,41.3428,92.3405,77.7954,50.4949
598,1117068032102 ,오류2동,1117068,,,,1.0291,0.7882,0.135
599,1117068032101 ,오류2동,1117068,17.6099,29.4347,29.4347,23.5599,21.393,29.0434
600,1117068032103 ,오류2동,1117068,,,,1.7514,0.9232,0.6479
601,1117069010020 ,수궁동,1117069,356.0139,362.3806,362.3806,293.0136,284.2102,349.5237
602,1117069010019 ,수궁동,1117069,4.8025,3.2819,3.2819,3.5659,3.5696,3.2296
603,1117069010018 ,수궁동,1117069,76.2416,106.1892,106.1892,107.5233,110.812,124.739
604,1117069010011 ,수궁동,1117069,419.9179,508.7314,508.7314,708.1896,731.5908,386.9105
605,1117069010010 ,수궁동,1117069,1580.2575,1921.8661,1921.8661,1827.6815,1846.3864,2086.7108
606,1117069010013 ,수궁동,1117069,739.0346,595.2886,595.2886,824.1383,804.8308,807.8426
607,1117069010012 ,수궁동,1117069,714.3944,1146.2422,1146.2422,1169.6875,1238.5919,1398.6379
608,1117069010015 ,수궁동,1117069,228.7261,108.0282,108.0282,194.9677,173.8195,196.8703
609,1117069010014 ,수궁동,1117069,3.7358,2.0699,2.0699,2.9679,2.2086,0.5144
610,1117069010017 ,수궁동,1117069,216.2602,111.4207,111.4207,166.1461,135.4047,160.8133
611,1117069010016 ,수궁동,1117069,4.4617,,,,,
612,1117069010009 ,수궁동,1117069,599.252,927.5495,927.5495,958.4256,1051.9973,932.3792
613,1117069010008 ,수궁동,1117069,130.8653,229.8206,229.8206,231.7535,268.3971,297.4915
614,1117069010001 ,수궁동,1117069,187.8469,70.1484,70.1484,153.1581,152.6763,157.7491
615,1117069010003 ,수궁동,1117069,12.2762,12.0743,12.0743,11.5812,12.0254,9.4014
616,1117069010002 ,수궁동,1117069,491.7239,230.3652,230.3652,392.4022,310.9693,349.4224
617,1117069010005 ,수궁동,1117069,133.102,100.8138,100.8138,167.0415,176.8786,209.9703
618,1117069010004 ,수궁동,1117069,927.3606,925.5294,925.5294,972.8757,952.832,957.9385
619,1117069010007 ,수궁동,1117069,711.6745,778.3571,778.3571,744.0579,632.6396,631.4895
620,1117069010006 ,수궁동,1117069,192.7977,173.1963,173.1963,170.0389,196.4448,198.6102
621,1117069010021 ,수궁동,1117069,650.4311,305.0949,305.0949,518.7058,410.8318,461.4123
622,1117069010301 ,수궁동,1117069,199.0749,92.0465,92.0465,167.0113,152.9206,144.7235
623,1117069010405 ,수궁동,1117069,816.0713,458.6479,458.6479,711.5841,538.2992,516.8368
624,1117069010404 ,수궁동,1117069,371.7329,135.2814,135.2814,257.8188,202.7035,176.233
625,1117069010406 ,수궁동,1117069,375.0161,143.0738,143.0738,262.4081,206.3087,179.3386
626,1117069010401 ,수궁동,1117069,1032.5784,769.0941,769.0941,1114.73,854.8227,876.4391
627,1117069010403 ,수궁동,1117069,723.5318,549.3778,549.3778,734.888,560.8446,557.7852
628,1117069010402 ,수궁동,1117069,390.6276,268.593,268.593,356.0527,275.5468,265.5274
629,1117069010901 ,수궁동,1117069,168.1458,101.8991,101.8991,125.0067,103.7582,105.0342
630,1117069020008 ,수궁동,1117069,,,,1.3568,0.8521,1.2901
631,1117069020009 ,수궁동,1117069,1029.6363,967.3732,967.3732,892.3154,736.3467,856.0986
632,1117069020011 ,수궁동,1117069,286.7966,390.2934,390.2934,345.652,406.4686,370.9
633,1117069020016 ,수궁동,1117069,,,,,,
634,1117069020017 ,수궁동,1117069,0.5499,,,,,
635,1117069020014 ,수궁동,1117069,,,,0.1085,0.0608,0.092
636,1117069020015 ,수궁동,1117069,,,,,,
637,1117069020012 ,수궁동,1117069,265.3807,179.6508,179.6508,203.9251,190.7891,234.5095
638,1117069020013 ,수궁동,1117069,864.7961,445.4093,445.4093,552.7827,373.5822,330.781
639,1117069020010 ,수궁동,1117069,210.0437,133.0802,133.0802,202.2029,121.2725,149.0455
640,1117069020006 ,수궁동,1117069,,,,0.2596,0.3831,0.7472
641,1117069020007 ,수궁동,1117069,46.5145,31.7999,31.7999,34.9199,27.2706,23.7087
642,1117069020004 ,수궁동,1117069,1.103,,,,,
643,1117069020005 ,수궁동,1117069,972.119,858.4068,858.4068,615.5017,501.1433,453.9005
644,1117069020002 ,수궁동,1117069,1569.9987,1358.8756,1358.8756,1230.0506,1066.6601,1027.3413
645,1117069020003 ,수궁동,1117069,298.8754,303.3245,303.3245,236.3381,241.1906,272.9846
646,1117069020001 ,수궁동,1117069,873.4863,861.6918,861.6918,1346.979,1038.9993,1079.8919
647,1117069020501 ,수궁동,1117069,,,,,,
648,1117069030004 ,수궁동,1117069,964.7158,497.2153,497.2153,927.4187,686.4122,636.4884
649,1117069030003 ,수궁동,1117069,360.3712,138.2587,138.2587,282.0528,196.2458,165.0431
650,1117069030002 ,수궁동,1117069,1472.3631,1592.7113,1592.7113,1576.5933,1445.8417,1425.2941
651,1117069030001 ,수궁동,1117069,736.3813,623.0594,623.0594,920.9782,898.6806,1142.5743
652,1117070010004 ,가리봉동,1117070,789.7091,739.1139,739.1139,646.4092,645.5329,645.7596
653,1117070010007 ,가리봉동,1117070,27.3716,10.9039,10.9039,49.2025,33.8444,30.8445
654,1117070010006 ,가리봉동,1117070,85.7739,57.4789,57.4789,98.8319,80.0671,78.034
655,1117070010011 ,가리봉동,1117070,211.5411,100.0673,100.0673,126.3349,92.4865,108.3477
656,1117070010010 ,가리봉동,1117070,41.6744,36.6574,36.6574,45.8638,43.3702,48.0932
657,1117070010013 ,가리봉동,1117070,655.0985,443.1182,443.1182,463.9374,389.2642,457.3117
658,1117070010012 ,가리봉동,1117070,422.4523,456.4122,456.4122,650.3383,672.7324,628.6389
659,1117070010015 ,가리봉동,1117070,1026.6917,1502.6013,1502.6013,2610.8245,2859.886,3083.7578
660,1117070010014 ,가리봉동,1117070,391.3604,323.0198,323.0198,724.0372,644.3448,619.8595
661,1117070010017 ,가리봉동,1117070,125.8912,116.0971,116.0971,136.1358,113.8536,102.5886
662,1117070010016 ,가리봉동,1117070,207.0032,182.4576,182.4576,222.2977,170.0555,208.7941
663,1117070010020 ,가리봉동,1117070,254.7433,39.565,39.565,252.9018,214.0334,133.2438
664,1117070010008 ,가리봉동,1117070,156.8826,98.9975,98.9975,133.9496,79.3025,74.6621
665,1117070010009 ,가리봉동,1117070,1761.9806,1918.1571,1918.1571,1763.9385,1744.0083,1745.8239
666,1117070010018 ,가리봉동,1117070,115.1752,129.2986,129.2986,192.9718,206.3749,233.4637
667,1117070010019 ,가리봉동,1117070,52.4181,21.2701,21.2701,70.8764,54.6199,51.7316
668,1117070010001 ,가리봉동,1117070,182.223,150.031,150.031,158.7998,161.2434,168.206
669,1117070010003 ,가리봉동,1117070,1563.8265,979.579,979.579,867.2603,732.0801,764.6461
670,1117070010002 ,가리봉동,1117070,1823.9177,1935.2718,1935.2718,2186.8637,2170.9636,2240.3029
671,1117070010005 ,가리봉동,1117070,452.1662,233.9445,233.9445,457.9992,379.9561,373.3063
672,1117071010001 ,구로2동,1117071,848.1579,1535.5214,1535.5214,1438.8597,1555.8555,1589.8956
673,1117071020004 ,구로2동,1117071,535.0873,583.7874,583.7874,421.3293,390.2913,357.8431
674,1117071020005 ,구로2동,1117071,120.5004,95.7962,95.7962,94.1698,84.9404,75.6232
675,1117071020002 ,구로2동,1117071,6.0869,7.9137,7.9137,4.7886,5.8778,6.3923
676,1117071020003 ,구로2동,1117071,451.8785,532.1726,532.1726,508.5755,425.1026,411.4862
677,1117071020001 ,구로2동,1117071,2791.6384,3300.7406,3300.7406,4211.1818,3942.5662,3699.2835
678,1117071020102 ,구로2동,1117071,281.846,67.1384,67.1384,164.3299,124.0026,111.9386
679,1117071020103 ,구로2동,1117071,427.2455,145.6036,145.6036,293.079,199.3152,184.2319
680,1117071020101 ,구로2동,1117071,283.0428,167.5185,167.5185,230.4764,148.0686,134.2142
681,1117071020201 ,구로2동,1117071,0.5614,0.2264,0.2264,0.7793,0.7704,1.2363
682,1117071030001 ,구로2동,1117071,3543.1387,4675.2085,4675.2085,8911.2065,10017.5681,9946.7957
683,1117071030101 ,구로2동,1117071,89.9652,70.7416,70.7416,135.516,131.9887,129.3176
684,1117071040001 ,구로2동,1117071,1006.0231,1318.64,1318.64,909.9016,958.247,1022.5648
685,1117071040002 ,구로2동,1117071,466.4993,594.9441,594.9441,494.3572,470.5389,580.0555
686,1117071040101 ,구로2동,1117071,148.8933,31.5138,31.5138,81.1971,50.5283,61.8078
687,1117071050002 ,구로2동,1117071,922.2253,769.5787,769.5787,1180.3437,997.1514,1211.4396
688,1117071050008 ,구로2동,1117071,1010.3586,902.4669,902.4669,1066.6258,1048.7992,963.4427
689,1117071050005 ,구로2동,1117071,44.3208,32.8621,32.8621,40.3964,33.3418,33.7575
690,1117071050004 ,구로2동,1117071,503.5993,405.5853,405.5853,475.1327,432.5285,425.2902
691,1117071050007 ,구로2동,1117071,266.0467,228.9005,228.9005,251.3887,232.2432,228.4798
692,1117071050006 ,구로2동,1117071,376.9941,460.9293,460.9293,767.5625,914.3314,915.7106
693,1117071050001 ,구로2동,1117071,412.848,275.9784,275.9784,361.6224,305.9692,300.7977
694,1117071050003 ,구로2동,1117071,45.8198,77.7875,77.7875,114.0059,135.1731,135.6349
695,1117071050201 ,구로2동,1117071,0.1855,0.1376,0.1376,1.6153,0.8092,0.8076
696,1117071050202 ,구로2동,1117071,182.8752,101.8807,101.8807,168.7573,132.0093,126.2164
697,1117071060006 ,구로2동,1117071,468.0114,452.4143,452.4143,454.4553,446.0414,430.8471
698,1117071060007 ,구로2동,1117071,709.6005,767.8389,767.8389,790.7184,819.8824,819.3003
699,1117071060004 ,구로2동,1117071,388.2476,426.9179,426.9179,380.4111,389.8251,377.4039
700,1117071060005 ,구로2동,1117071,235.1907,155.854,155.854,192.3522,158.4341,163.2412
701,1117071060008 ,구로2동,1117071,383.9723,294.0922,294.0922,335.6522,310.2952,311.3731
702,1117071060009 ,구로2동,1117071,348.0738,438.6706,438.6706,328.643,313.4455,342.8851
703,1117071060002 ,구로2동,1117071,1762.9912,1910.113,1910.113,2433.1559,2622.8337,2582.9476
704,1117071060003 ,구로2동,1117071,152.9702,85.4262,85.4262,121.3461,97.37,97.0097
705,1117071060001 ,구로2동,1117071,170.3192,108.5928,108.5928,132.2995,110.3909,111.3176
706,1117071060101 ,구로2동,1117071,360.6581,125.3744,125.3744,256.0642,201.9879,197.4356
707,1117071070005 ,구로2동,1117071,1027.3867,818.1428,818.1428,957.6088,798.0735,825.3435
708,1117071070004 ,구로2동,1117071,401.696,308.2373,308.2373,407.4185,299.2966,288.9519
709,1117071070003 ,구로2동,1117071,715.4126,541.3059,541.3059,662.8575,497.1176,496.7733
710,1117071070002 ,구로2동,1117071,1819.5522,2087.6405,2087.6405,2324.2822,2472.3018,2102.653
711,1117071070001 ,구로2동,1117071,42.0733,31.6777,31.6777,41.4231,28.0969,28.5927
712,1117071080004 ,구로2동,1117071,806.433,520.5406,520.5406,631.2796,499.2835,528.3983
713,1117071080001 ,구로2동,1117071,629.2463,521.5968,521.5968,563.0138,497.0033,530.6785
714,1117071080002 ,구로2동,1117071,174.5682,209.3238,209.3238,195.2824,181.0338,167.2099
715,1117071080003 ,구로2동,1117071,386.8109,359.733,359.733,358.7304,295.8398,304.6292
716,1117071090002 ,구로2동,1117071,533.3345,541.082,541.082,469.4139,426.2678,459.7989
717,1117071090005 ,구로2동,1117071,247.4169,382.2287,382.2287,272.8994,299.4944,313.3894
718,1117071090004 ,구로2동,1117071,413.2612,329.8624,329.8624,484.3086,401.2787,397.2653
719,1117071090007 ,구로2동,1117071,2050.7079,2140.3575,2140.3575,3259.6096,3028.2095,3054.5835
720,1117071090006 ,구로2동,1117071,0.9069,1.4749,1.4749,0.3181,0.4396,1.5189
721,1117071090009 ,구로2동,1117071,334.2397,244.6535,244.6535,342.8191,279.9083,249.0266
722,1117071090008 ,구로2동,1117071,27.2556,53.689,53.689,122.3935,141.7193,138.0128
723,1117071090010 ,구로2동,1117071,34.4241,26.9129,26.9129,31.1986,27.2494,23.8881
724,1117071090001 ,구로2동,1117071,69.9885,40.795,40.795,71.1776,61.2392,49.5741
725,1117071090003 ,구로2동,1117071,447.2743,345.9956,345.9956,393.4213,316.4924,334.6648
726,1117072010001 ,개봉1동,1117072,241.5498,350.3506,350.3506,223.8598,330.681,336.2027
727,1117072010003 ,개봉1동,1117072,395.3474,306.336,306.336,302.8116,303.8567,331.0135
728,1117072010002 ,개봉1동,1117072,104.1822,92.1227,92.1227,89.2985,66.9221,69.6238
729,1117072010005 ,개봉1동,1117072,27.868,50.0627,50.0627,36.5273,41.6934,43.5581
730,1117072010004 ,개봉1동,1117072,1183.8121,1216.1023,1216.1023,1069.3836,1089.2396,1193.2228
731,1117072010007 ,개봉1동,1117072,784.4425,684.8301,684.8301,603.5452,583.03,599.3981
732,1117072010006 ,개봉1동,1117072,3.4819,2.9013,2.9013,3.2317,2.6623,2.4794
733,1117072020008 ,개봉1동,1117072,236.7334,274.8188,274.8188,225.7953,238.095,201.4759
734,1117072020009 ,개봉1동,1117072,67.8373,149.3293,149.3293,95.8229,119.5687,103.7849
735,1117072020011 ,개봉1동,1117072,0.5131,1.1654,1.1654,,,
736,1117072020006 ,개봉1동,1117072,1296.473,1303.518,1303.518,1398.1833,1441.826,1184.4459
737,1117072020007 ,개봉1동,1117072,43.4235,73.0423,73.0423,50.7853,53.9468,46.304
738,1117072020004 ,개봉1동,1117072,208.9647,198.6098,198.6098,199.1692,171.1683,140.7965
739,1117072020005 ,개봉1동,1117072,0.1043,0.0404,0.0404,,,
740,1117072020002 ,개봉1동,1117072,,,,,,
741,1117072020003 ,개봉1동,1117072,273.2297,343.145,343.145,277.0184,270.6866,245.5443
742,1117072020001 ,개봉1동,1117072,594.3774,273.9587,273.9587,466.9853,388.4251,318.7428
743,1117072020012 ,개봉1동,1117072,0.0071,,,,,
744,1117072020010 ,개봉1동,1117072,707.3469,573.109,573.109,639.4643,635.6048,535.6468
745,1117072020101 ,개봉1동,1117072,618.7557,263.0822,263.0822,463.6153,427.967,361.9004
746,1117072020501 ,개봉1동,1117072,1.6795,2.2198,2.2198,1.2701,1.7285,0.9959
747,1117072030002 ,개봉1동,1117072,835.3546,975.1728,975.1728,824.126,658.8263,788.4931
748,1117072030001 ,개봉1동,1117072,457.7956,293.8078,293.8078,349.0374,250.0674,304.0278
749,1117072030005 ,개봉1동,1117072,774.4013,1009.6376,1009.6376,723.8539,637.4786,749.5922
750,1117072030004 ,개봉1동,1117072,559.4177,388.5237,388.5237,405.1345,290.831,343.7448
751,1117072030003 ,개봉1동,1117072,437.7696,293.0551,293.0551,320.4443,234.3423,285.0092
752,1117072030101 ,개봉1동,1117072,291.296,50.7874,50.7874,163.407,109.0842,127.9999
753,1117072030202 ,개봉1동,1117072,25.3529,21.0375,21.0375,21.0028,14.4755,17.3554
754,1117072030201 ,개봉1동,1117072,73.7026,44.4887,44.4887,59.4087,45.9055,43.7529
755,1117072040001 ,개봉1동,1117072,4950.5628,4915.5303,4915.5303,4433.8391,4043.0062,4064.0352
756,1117072050011 ,개봉1동,1117072,175.1985,130.1905,130.1905,121.8647,92.4104,90.1779
757,1117072050010 ,개봉1동,1117072,485.0608,633.9878,633.9878,430.6729,489.7418,532.7297
758,1117072050013 ,개봉1동,1117072,225.3916,146.5557,146.5557,147.085,110.4556,105.9644
759,1117072050012 ,개봉1동,1117072,400.1777,342.7329,342.7329,341.8624,318.5746,297.58
760,1117072050005 ,개봉1동,1117072,839.7913,1152.565,1152.565,913.4234,1020.3598,1109.1034
761,1117072050004 ,개봉1동,1117072,1.2455,0.1874,0.1874,0.8305,1.5119,1.3358
762,1117072050007 ,개봉1동,1117072,952.5767,1089.9886,1089.9886,938.6019,904.8861,865.4669
763,1117072050006 ,개봉1동,1117072,393.868,197.1298,197.1298,182.7638,126.7773,140.8531
764,1117072050001 ,개봉1동,1117072,876.0231,1205.6767,1205.6767,996.2259,1228.7168,1173.9543
765,1117072050003 ,개봉1동,1117072,0.3631,1.4585,1.4585,0.9193,2.1465,0.6049
766,1117072050002 ,개봉1동,1117072,206.2015,137.715,137.715,163.4253,113.6497,104.9783
767,1117072050009 ,개봉1동,1117072,25.5008,17.285,17.285,20.1303,13.7815,12.9677
768,1117072050008 ,개봉1동,1117072,226.1501,239.5135,239.5135,182.2518,173.929,149.1585
769,1117072050103 ,개봉1동,1117072,435.1647,125.2412,125.2412,259.1726,217.8167,237.5872
770,1117072050102 ,개봉1동,1117072,491.7316,235.9785,235.9785,322.3267,202.8709,250.2536
771,1117072050105 ,개봉1동,1117072,587.8213,642.324,642.324,478.3931,461.2628,443.5232
772,1117072050104 ,개봉1동,1117072,561.5264,201.4997,201.4997,359.309,242.4884,265.1097
773,1117072050101 ,개봉1동,1117072,409.4275,176.5262,176.5262,261.1902,203.5827,225.6429
774,1117072050201 ,개봉1동,1117072,385.1036,96.407,96.407,242.2277,180.9738,173.8074
775,1117072060001 ,개봉1동,1117072,984.6781,1322.6269,1322.6269,1299.1814,1552.8663,1358.0531
776,1117072060002 ,개봉1동,1117072,1131.3156,1959.2055,1959.2055,1503.7499,1808.1926,1953.8688
777,1117072060101 ,개봉1동,1117072,250.6856,38.2546,38.2546,151.1626,109.7532,96.3786
778,1117072060202 ,개봉1동,1117072,153.2379,46.2158,46.2158,93.5248,80.0129,75.7891
779,1117072060201 ,개봉1동,1117072,144.4513,41.4322,41.4322,102.4784,92.0477,95.7622
780,1117072060301 ,개봉1동,1117072,59.1449,26.0813,26.0813,47.1562,41.9777,40.6629
781,1117072060402 ,개봉1동,1117072,194.0896,293.0298,293.0298,245.7215,250.3551,281.4185
782,1117072060403 ,개봉1동,1117072,240.1038,95.9981,95.9981,138.5449,110.4992,100.3503
783,1117072060401 ,개봉1동,1117072,258.7688,166.0244,166.0244,251.4669,230.8934,263.4045
784,1117072060406 ,개봉1동,1117072,134.2197,156.0645,156.0645,166.0088,173.4028,198.9236
785,1117072060407 ,개봉1동,1117072,306.4469,117.7371,117.7371,236.149,220.8948,233.1601
786,1117072060404 ,개봉1동,1117072,166.5758,64.2339,64.2339,95.5732,75.2245,67.0471
787,1117072060405 ,개봉1동,1117072,244.4664,91.9015,91.9015,177.9745,160.731,164.8537
788,1117072060412 ,개봉1동,1117072,208.0028,249.5368,249.5368,258.4214,269.855,309.5347
789,1117072060410 ,개봉1동,1117072,163.8261,42.4408,42.4408,88.8741,69.7565,62.0846
790,1117072060408 ,개봉1동,1117072,1957.7936,1644.0566,1644.0566,1787.0565,1369.8901,1340.3728
791,1117072060409 ,개봉1동,1117072,226.7735,156.1609,156.1609,264.323,277.1642,318.4699
792,1117072060411 ,개봉1동,1117072,203.3823,200.3637,200.3637,227.306,225.4193,246.5728
793,1117051010107 ,신도림동,1117051,0.986,2.3026,2.3026,1.063,1.3757,2.1131
794,1117051020405 ,신도림동,1117051,659.0874,1620.5515,1620.5515,1000.5506,1209.6525,1169.174
795,1117051020103 ,신도림동,1117051,841.7269,455.2068,455.2068,618.7603,640.1461,613.4662
796,1117051020301 ,신도림동,1117051,139.6637,338.3408,338.3408,199.0396,231.0743,193.3637
797,1117051030101 ,신도림동,1117051,192.9607,235.2933,235.2933,157.6557,152.0822,138.5565
798,1117051040301 ,신도림동,1117051,990.3446,2303.0606,2303.0606,1429.3149,1814.1763,2405.7491
799,1117052020302 ,구로1동,1117052,379.5661,476.935,476.935,376.4908,405.9972,362.943
800,1117054020102 ,구로3동,1117054,457.0247,167.9685,167.9685,304.0143,217.7414,209.5642
801,1117054020004 ,구로3동,1117054,390.1975,390.6822,390.6822,307.1168,276.5196,282.7206
802,1117055020103 ,구로4동,1117055,309.221,159.7016,159.7016,210.9188,163.188,163.2705
803,1117064020201 ,개봉2동,1117064,,,,,,
